{
    "accuracy": [
        [
            0.028987407684326172,
            0.03174186870455742,
            0.03384050354361534,
            0.036726128309965134,
            0.038562435656785965,
            0.04105456545948982,
            0.044202517718076706,
            0.04669464752078056,
            0.04839979112148285,
            0.05167890712618828,
            0.05430220440030098,
            0.0564008392393589,
            0.0578436516225338,
            0.05863064154982567,
            0.06020461767911911,
            0.06125393509864807,
            0.06230325251817703,
            0.063352569937706,
            0.06387723237276077,
            0.06663168966770172,
            0.0671563446521759,
            0.06689401715993881,
            0.06899265199899673,
            0.07030430436134338,
            0.07148478180170059,
            0.07332108914852142,
            0.0741080790758133,
            0.07620671391487122,
            0.07843651622533798,
            0.07909233868122101,
            0.08014165610074997,
            0.08105981349945068,
            0.08158446848392487,
            0.08224029093980789,
            0.08355194330215454,
            0.08447009325027466
        ]
    ],
    "loss": [
        [
            3.968754291534424,
            3.9680893421173096,
            3.9674253463745117,
            3.9667632579803467,
            3.966099500656128,
            3.965437650680542,
            3.964775800704956,
            3.964115858078003,
            3.9634523391723633,
            3.9627909660339355,
            3.9621310234069824,
            3.96147084236145,
            3.960811138153076,
            3.960151195526123,
            3.959491729736328,
            3.9588329792022705,
            3.958173990249634,
            3.9575161933898926,
            3.956857204437256,
            3.9562010765075684,
            3.9555423259735107,
            3.954885959625244,
            3.9542293548583984,
            3.953575372695923,
            3.9529190063476562,
            3.9522643089294434,
            3.951611280441284,
            3.950958251953125,
            3.950305938720703,
            3.949653148651123,
            3.949002265930176,
            3.9483518600463867,
            3.9476990699768066,
            3.947047710418701,
            3.9463963508605957,
            3.945744276046753
        ]
    ],
    "val_accuracy": [
        [
            0.05283018946647644,
            0.056603774428367615,
            0.06037735939025879,
            0.06037735939025879,
            0.06792452931404114,
            0.07169811427593231,
            0.07547169923782349,
            0.07547169923782349,
            0.07924528419971466,
            0.07924528419971466,
            0.07547169923782349,
            0.07547169923782349,
            0.07924528419971466,
            0.07924528419971466,
            0.07547169923782349,
            0.07547169923782349,
            0.07169811427593231,
            0.06792452931404114,
            0.06792452931404114,
            0.07169811427593231,
            0.07169811427593231,
            0.07547169923782349,
            0.07547169923782349,
            0.07924528419971466,
            0.07924528419971466,
            0.08301886916160583,
            0.08301886916160583,
            0.08301886916160583,
            0.07924528419971466,
            0.07924528419971466,
            0.07924528419971466,
            0.07924528419971466,
            0.07924528419971466,
            0.08301886916160583,
            0.08301886916160583,
            0.08301886916160583
        ]
    ],
    "val_loss": [
        [
            3.9662556648254395,
            3.965603828430176,
            3.9649524688720703,
            3.9643030166625977,
            3.963655710220337,
            3.9630048274993896,
            3.962355852127075,
            3.9617040157318115,
            3.961054563522339,
            3.96040678024292,
            3.9597606658935547,
            3.9591128826141357,
            3.9584643840789795,
            3.9578185081481934,
            3.957171678543091,
            3.9565255641937256,
            3.955880641937256,
            3.955235719680786,
            3.9545907974243164,
            3.9539458751678467,
            3.9532995223999023,
            3.9526541233062744,
            3.9520111083984375,
            3.9513676166534424,
            3.950725555419922,
            3.9500837326049805,
            3.9494431018829346,
            3.9488022327423096,
            3.948160171508789,
            3.9475200176239014,
            3.9468820095062256,
            3.9462406635284424,
            3.945600748062134,
            3.9449610710144043,
            3.9443185329437256,
            3.943678617477417
        ]
    ]
}